{
  "best_solutions": [
    {
      "rank": 1,
      "fitness": -173.2208361635326,
      "archetype": "balanced_optimizer",
      "hyperparameters": {
        "learning_rate": 0.00222573495561033,
        "gamma": 0.971180643579378,
        "epsilon_start": 0.8886010019028688,
        "epsilon_min": 0.06281880331781738,
        "epsilon_decay": 0.9950658521038344,
        "batch_size": 64,
        "target_update_freq": 10,
        "memory_size": 5000,
        "dueling_network": true,
        "energy_satisfaction_weight": 1.5923223731805032,
        "energy_cost_weight": 0.10424108422084097,
        "penalty_skipped_vehicle": 83.48388297596897,
        "reward_assigned_vehicle": 43.50409485132494
      },
      "configuration_name": "optimized_balanced_optimizer_1"
    },
    {
      "rank": 2,
      "fitness": -329.109760735091,
      "archetype": "balanced_optimizer",
      "hyperparameters": {
        "learning_rate": 0.002924396864693536,
        "gamma": 0.973202624125725,
        "epsilon_start": 0.8542683411484837,
        "epsilon_min": 0.04887824789866111,
        "epsilon_decay": 0.9945930729464956,
        "batch_size": 64,
        "target_update_freq": 30,
        "memory_size": 2000,
        "dueling_network": true,
        "energy_satisfaction_weight": 1.5460219321278958,
        "energy_cost_weight": 0.21743134224621996,
        "penalty_skipped_vehicle": 60.81515713106512,
        "reward_assigned_vehicle": 40.26539912488371
      },
      "configuration_name": "optimized_balanced_optimizer_2"
    },
    {
      "rank": 4,
      "fitness": -331.0920345050713,
      "archetype": "balanced_optimizer",
      "hyperparameters": {
        "learning_rate": 0.0033655221894192356,
        "gamma": 0.9587128236478195,
        "epsilon_start": 0.8799600546529294,
        "epsilon_min": 0.07346090043974698,
        "epsilon_decay": 0.9958541527202623,
        "batch_size": 64,
        "target_update_freq": 10,
        "memory_size": 5000,
        "dueling_network": true,
        "energy_satisfaction_weight": 1.2529014268154217,
        "energy_cost_weight": 0.26112001004470364,
        "penalty_skipped_vehicle": 40.726608530034724,
        "reward_assigned_vehicle": 25.06151344080103
      },
      "configuration_name": "optimized_balanced_optimizer_4"
    },
    {
      "rank": 5,
      "fitness": -331.8165647684559,
      "archetype": "balanced_optimizer",
      "hyperparameters": {
        "learning_rate": 0.0035970357453796284,
        "gamma": 0.9511082155109314,
        "epsilon_start": 0.8934437057124743,
        "epsilon_min": 0.08636248868627189,
        "epsilon_decay": 0.9965159987907776,
        "batch_size": 32,
        "target_update_freq": 10,
        "memory_size": 5000,
        "dueling_network": true,
        "energy_satisfaction_weight": 1.0990644859143401,
        "energy_cost_weight": 0.2840489109040879,
        "penalty_skipped_vehicle": 30.183637949962822,
        "reward_assigned_vehicle": 17.082135604522797
      },
      "configuration_name": "optimized_balanced_optimizer_5"
    },
    {
      "rank": 3,
      "fitness": -580.6238370207375,
      "archetype": "balanced_optimizer",
      "hyperparameters": {
        "learning_rate": 0.002930321048028212,
        "gamma": 0.9608672580963395,
        "epsilon_start": 0.8910892246030988,
        "epsilon_min": 0.07491575053657178,
        "epsilon_decay": 0.9958109498936183,
        "batch_size": 64,
        "target_update_freq": 10,
        "memory_size": 5000,
        "dueling_network": true,
        "energy_satisfaction_weight": 1.3388822454302414,
        "energy_cost_weight": 0.1966278858139579,
        "penalty_skipped_vehicle": 56.09776050891537,
        "reward_assigned_vehicle": 29.928265858430674
      },
      "configuration_name": "optimized_balanced_optimizer_3"
    }
  ],
  "optimization_summary": {
    "total_iterations": 2,
    "total_time_hours": 0.3283027981387244,
    "final_best_fitness": 435.75114548366344,
    "initial_best_fitness": 347.62393823960554,
    "improvement": 88.1272072440579,
    "final_diversity": 0.3141236106554667,
    "iteration_history": [
      {
        "iteration": 1,
        "time": 213.29676008224487,
        "best_fitness": 347.62393823960554,
        "iteration_duration": 204.8322057723999,
        "diversity_score": 0.3141236106554667
      },
      {
        "iteration": 2,
        "time": 377.9685401916504,
        "best_fitness": 435.75114548366344,
        "iteration_duration": 163.121422290802,
        "diversity_score": 0.3141236106554667
      }
    ]
  },
  "execution_time": 1181.890073299408
}