{
  "best_solutions": [
    {
      "rank": 5,
      "fitness": 4678.216790686038,
      "archetype": "efficiency_focused",
      "hyperparameters": {
        "learning_rate": 0.003827878313231132,
        "gamma": 0.9620847066529608,
        "epsilon_start": 0.43502423298634874,
        "epsilon_min": 0.06864166942773914,
        "epsilon_decay": 0.9960482457140099,
        "batch_size": 32,
        "target_update_freq": 200,
        "memory_size": 5000,
        "dueling_network": false,
        "energy_satisfaction_weight": 4.438159428606412,
        "energy_cost_weight": 0.015162985806296879,
        "penalty_skipped_vehicle": 126.09623057341402,
        "reward_assigned_vehicle": 100.20226292565363
      },
      "configuration_name": "optimized_efficiency_focused_5"
    },
    {
      "rank": 1,
      "fitness": 4665.9949502947775,
      "archetype": "efficiency_focused",
      "hyperparameters": {
        "learning_rate": 0.0038108296928110715,
        "gamma": 0.9620839511038874,
        "epsilon_start": 0.43531070477488865,
        "epsilon_min": 0.06864167014829695,
        "epsilon_decay": 0.9951216570556822,
        "batch_size": 32,
        "target_update_freq": 200,
        "memory_size": 5000,
        "dueling_network": false,
        "energy_satisfaction_weight": 4.408222129497828,
        "energy_cost_weight": 0.015207012463152994,
        "penalty_skipped_vehicle": 124.73487123526849,
        "reward_assigned_vehicle": 112.91302284885919
      },
      "configuration_name": "optimized_efficiency_focused_1"
    },
    {
      "rank": 4,
      "fitness": 4665.481921004948,
      "archetype": "efficiency_focused",
      "hyperparameters": {
        "learning_rate": 0.00380775868523486,
        "gamma": 0.9620838150050789,
        "epsilon_start": 0.435362307603229,
        "epsilon_min": 0.0686416702780927,
        "epsilon_decay": 0.9949547484894966,
        "batch_size": 32,
        "target_update_freq": 200,
        "memory_size": 5000,
        "dueling_network": false,
        "energy_satisfaction_weight": 4.402829454307195,
        "energy_cost_weight": 0.015214943087064437,
        "penalty_skipped_vehicle": 126.09649402350342,
        "reward_assigned_vehicle": 100.20330949114273
      },
      "configuration_name": "optimized_efficiency_focused_4"
    },
    {
      "rank": 3,
      "fitness": 4644.189424758479,
      "archetype": "efficiency_focused",
      "hyperparameters": {
        "learning_rate": 0.003813225222249982,
        "gamma": 0.962084057267319,
        "epsilon_start": 0.4352704521570253,
        "epsilon_min": 0.0686416700470502,
        "epsilon_decay": 0.995251853538101,
        "batch_size": 32,
        "target_update_freq": 200,
        "memory_size": 5000,
        "dueling_network": false,
        "energy_satisfaction_weight": 4.412428668183603,
        "energy_cost_weight": 0.015200826205849059,
        "penalty_skipped_vehicle": 123.67274182237688,
        "reward_assigned_vehicle": 100.20302513752614
      },
      "configuration_name": "optimized_efficiency_focused_3"
    },
    {
      "rank": 2,
      "fitness": 4479.771139583776,
      "archetype": "efficiency_focused",
      "hyperparameters": {
        "learning_rate": 0.0038159022740524738,
        "gamma": 0.9620841759070659,
        "epsilon_start": 0.4352254690558137,
        "epsilon_min": 0.06864166993390494,
        "epsilon_decay": 0.9953973506972158,
        "batch_size": 32,
        "target_update_freq": 200,
        "memory_size": 5000,
        "dueling_network": false,
        "energy_satisfaction_weight": 4.4171295588460575,
        "energy_cost_weight": 0.015193912940248067,
        "penalty_skipped_vehicle": 126.09638738986177,
        "reward_assigned_vehicle": 100.20288588495004
      },
      "configuration_name": "optimized_efficiency_focused_2"
    }
  ],
  "optimization_summary": {
    "total_iterations": 50,
    "total_time_hours": 14.569393808113205,
    "final_best_fitness": 3470.4572175582557,
    "initial_best_fitness": 571.8344181642105,
    "improvement": 2898.622799394045,
    "final_diversity": 0.3544871882388466,
    "iteration_history": [
      {
        "iteration": 1,
        "time": 3815.12957572937,
        "best_fitness": 571.8344181642105,
        "iteration_duration": 2909.863709449768,
        "diversity_score": 0.3686957440878216
      },
      {
        "iteration": 2,
        "time": 5997.015439033508,
        "best_fitness": 3063.229638298125,
        "iteration_duration": 2181.3681902885437,
        "diversity_score": 0.3524522584519888
      },
      {
        "iteration": 3,
        "time": 7636.683762550354,
        "best_fitness": 2873.587024333824,
        "iteration_duration": 1639.3930623531342,
        "diversity_score": 0.34346528782656316
      },
      {
        "iteration": 4,
        "time": 8604.853994131088,
        "best_fitness": 3284.326629636901,
        "iteration_duration": 967.5723507404327,
        "diversity_score": 0.3347892511047815
      },
      {
        "iteration": 5,
        "time": 9444.079382419586,
        "best_fitness": 2776.097832528897,
        "iteration_duration": 838.7885944843292,
        "diversity_score": 0.3271494805028564
      },
      {
        "iteration": 6,
        "time": 11101.730496168137,
        "best_fitness": 3097.9215372126064,
        "iteration_duration": 1657.3157908916473,
        "diversity_score": 0.3200405234568997
      },
      {
        "iteration": 7,
        "time": 12411.707218408585,
        "best_fitness": 2022.1163882594587,
        "iteration_duration": 1309.7307496070862,
        "diversity_score": 0.3199569564116629
      },
      {
        "iteration": 8,
        "time": 13676.64212012291,
        "best_fitness": 3330.2397035720205,
        "iteration_duration": 1264.684642314911,
        "diversity_score": 0.3208464558187284
      },
      {
        "iteration": 9,
        "time": 14415.09111380577,
        "best_fitness": 2432.080813296644,
        "iteration_duration": 737.5313291549683,
        "diversity_score": 0.3224983851376333
      },
      {
        "iteration": 10,
        "time": 15124.273287296295,
        "best_fitness": 2709.490967170772,
        "iteration_duration": 708.9357283115387,
        "diversity_score": 0.3258238909275908
      },
      {
        "iteration": 11,
        "time": 16413.6027674675,
        "best_fitness": 2159.3334384988248,
        "iteration_duration": 1289.0808761119843,
        "diversity_score": 0.343960555760484
      },
      {
        "iteration": 12,
        "time": 17803.64084506035,
        "best_fitness": 3079.816978631285,
        "iteration_duration": 1389.1194427013397,
        "diversity_score": 0.34322359256054225
      },
      {
        "iteration": 13,
        "time": 18609.74359703064,
        "best_fitness": 2984.928747652539,
        "iteration_duration": 805.5789484977722,
        "diversity_score": 0.3499180524757034
      },
      {
        "iteration": 14,
        "time": 19340.882508277893,
        "best_fitness": 2907.7930708759113,
        "iteration_duration": 730.8889012336731,
        "diversity_score": 0.34944239431305935
      },
      {
        "iteration": 15,
        "time": 20512.81085062027,
        "best_fitness": 2575.186729501209,
        "iteration_duration": 1171.380542755127,
        "diversity_score": 0.33722531615119233
      },
      {
        "iteration": 16,
        "time": 21700.702295541763,
        "best_fitness": 3401.144786969041,
        "iteration_duration": 1187.6239960193634,
        "diversity_score": 0.3352574772740665
      },
      {
        "iteration": 17,
        "time": 22507.711989164352,
        "best_fitness": 1883.3252841984056,
        "iteration_duration": 806.7425529956818,
        "diversity_score": 0.33810076376325204
      },
      {
        "iteration": 18,
        "time": 23661.73819422722,
        "best_fitness": 2894.222151590462,
        "iteration_duration": 1153.7578859329224,