{
    "schedule": {
        "0": [
            [
                0.25,
                0.5,
                22,
                14,
                22.0
            ],
            [
                0.5,
                0.75,
                23,
                18,
                22.0
            ],
            [
                0.75,
                1.0,
                20,
                19,
                22.0
            ],
            [
                1.0,
                1.25,
                23,
                19,
                22.0
            ],
            [
                1.25,
                1.5,
                20,
                22,
                22.0
            ],
            [
                1.5,
                1.75,
                23,
                31,
                1.1151194
            ]
        ],
        "1": [
            [
                4.75,
                5.0,
                24,
                35,
                22.0
            ],
            [
                5.0,
                5.25,
                22,
                31,
                22.0
            ],
            [
                5.25,
                5.5,
                22,
                17,
                22.0
            ],
            [
                5.5,
                5.75,
                23,
                13,
                22.0
            ],
            [
                5.75,
                6.0,
                20,
                34,
                22.0
            ],
            [
                6.0,
                6.25,
                23,
                53,
                22.0
            ],
            [
                6.25,
                6.5,
                24,
                37,
                6.9271174
            ]
        ],
        "2": [
            [
                4.75,
                5.0,
                22,
                21,
                22.0
            ],
            [
                5.0,
                5.25,
                21,
                23,
                15.69088
            ],
            [
                5.25,
                5.5,
                23,
                8,
                22.0
            ],
            [
                5.5,
                5.75,
                22,
                20,
                22.0
            ],
            [
                6.0,
                6.25,
                20,
                25,
                22.0
            ],
            [
                6.5,
                6.75,
                22,
                15,
                22.0
            ],
            [
                7.25,
                7.5,
                23,
                51,
                22.0
            ]
        ],
        "3": [
            [
                4.75,
                5.0,
                23,
                19,
                20.841305
            ],
            [
                5.25,
                5.5,
                24,
                43,
                22.0
            ],
            [
                5.5,
                5.75,
                15,
                2,
                7.0
            ],
            [
                6.0,
                6.25,
                13,
                49,
                7.0
            ],
            [
                6.5,
                6.75,
                21,
                46,
                22.0
            ]
        ],
        "4": [
            [
                4.75,
                5.0,
                20,
                23,
                22.0
            ],
            [
                5.0,
                5.25,
                20,
                24,
                22.0
            ],
            [
                5.25,
                5.5,
                20,
                47,
                22.0
            ],
            [
                5.5,
                5.75,
                24,
                54,
                22.0
            ],
            [
                5.75,
                6.0,
                22,
                12,
                21.019438
            ],
            [
                6.0,
                6.25,
                22,
                20,
                22.0
            ],
            [
                6.5,
                6.75,
                24,
                44,
                22.0
            ]
        ],
        "5": [
            [
                4.75,
                5.0,
                21,
                18,
                22.0
            ],
            [
                5.0,
                5.25,
                23,
                49,
                18.238079
            ],
            [
                5.25,
                5.5,
                6,
                36,
                7.0
            ],
            [
                5.5,
                5.75,
                20,
                48,
                22.0
            ],
            [
                6.0,
                6.25,
                21,
                38,
                22.0
            ],
            [
                6.5,
                6.75,
                23,
                42,
                22.0
            ]
        ],
        "6": [
            [
                4.75,
                5.0,
                12,
                25,
                5.0622287
            ],
            [
                5.25,
                5.5,
                12,
                24,
                7.0
            ],
            [
                5.5,
                5.75,
                0,
                47,
                7.0
            ],
            [
                6.0,
                6.25,
                2,
                34,
                7.0
            ],
            [
                6.5,
                6.75,
                1,
                12,
                7.0
            ],
            [
                7.25,
                7.5,
                20,
                29,
                22.0
            ]
        ],
        "7": [
            [
                4.75,
                5.0,
                0,
                40,
                0.71012339
            ],
            [
                5.25,
                5.5,
                7,
                0,
                7.0
            ],
            [
                5.5,
                5.75,
                3,
                28,
                7.0
            ],
            [
                6.0,
                6.25,
                9,
                15,
                7.0
            ],
            [
                6.5,
                6.75,
                14,
                26,
                7.0
            ],
            [
                7.25,
                7.5,
                21,
                32,
                22.0
            ]
        ],