{
  "iteration": 0,
  "reference_set": [
    {
      "learning_rate": 0.00222573495561033,
      "gamma": 0.971180643579378,
      "epsilon_start": 0.8886010019028688,
      "epsilon_min": 0.06281880331781738,
      "epsilon_decay": 0.9950658521038344,
      "batch_size": 64,
      "target_update_freq": 10,
      "memory_size": 5000,
      "dueling_network": true,
      "energy_satisfaction_weight": 1.5923223731805032,
      "energy_cost_weight": 0.10424108422084097,
      "penalty_skipped_vehicle": 83.48388297596897,
      "reward_assigned_vehicle": 43.50409485132494
    },
    {
      "learning_rate": 0.002924396864693536,
      "gamma": 0.973202624125725,
      "epsilon_start": 0.8542683411484837,
      "epsilon_min": 0.04887824789866111,
      "epsilon_decay": 0.9945930729464956,
      "batch_size": 64,
      "target_update_freq": 30,
      "memory_size": 2000,
      "dueling_network": true,
      "energy_satisfaction_weight": 1.5460219321278958,
      "energy_cost_weight": 0.21743134224621996,
      "penalty_skipped_vehicle": 60.81515713106512,
      "reward_assigned_vehicle": 40.26539912488371
    },
    {
      "learning_rate": 0.0035970357453796284,
      "gamma": 0.9511082155109314,
      "epsilon_start": 0.8934437057124743,
      "epsilon_min": 0.08636248868627189,
      "epsilon_decay": 0.9965159987907776,
      "batch_size": 32,
      "target_update_freq": 10,
      "memory_size": 5000,
      "dueling_network": true,
      "energy_satisfaction_weight": 1.0990644859143401,
      "energy_cost_weight": 0.2840489109040879,
      "penalty_skipped_vehicle": 30.183637949962822,
      "reward_assigned_vehicle": 17.082135604522797
    },
    {
      "learning_rate": 0.0023486718869830878,
      "gamma": 0.9821596695248236,
      "epsilon_start": 0.9142476667175299,
      "epsilon_min": 0.03192773653711212,
      "epsilon_decay": 0.9975461091794665,
      "batch_size": 32,
      "target_update_freq": 30,
      "memory_size": 2000,
      "dueling_network": true,
      "energy_satisfaction_weight": 1.408240593303211,
      "energy_cost_weight": 0.46011894897227307,
      "penalty_skipped_vehicle": 32.192784902886814,
      "reward_assigned_vehicle": 31.67978460873934
    }
  ],
  "best_solutions": [
    {
      "learning_rate": 0.00222573495561033,
      "gamma": 0.971180643579378,
      "epsilon_start": 0.8886010019028688,
      "epsilon_min": 0.06281880331781738,
      "epsilon_decay": 0.9950658521038344,
      "batch_size": 64,
      "target_update_freq": 10,
      "memory_size": 5000,
      "dueling_network": true,
      "energy_satisfaction_weight": 1.5923223731805032,
      "energy_cost_weight": 0.10424108422084097,
      "penalty_skipped_vehicle": 83.48388297596897,
      "reward_assigned_vehicle": 43.50409485132494
    },
    {
      "learning_rate": 0.002924396864693536,
      "gamma": 0.973202624125725,
      "epsilon_start": 0.8542683411484837,
      "epsilon_min": 0.04887824789866111,
      "epsilon_decay": 0.9945930729464956,
      "batch_size": 64,
      "target_update_freq": 30,
      "memory_size": 2000,
      "dueling_network": true,
      "energy_satisfaction_weight": 1.5460219321278958,
      "energy_cost_weight": 0.21743134224621996,
      "penalty_skipped_vehicle": 60.81515713106512,
      "reward_assigned_vehicle": 40.26539912488371
    },
    {
      "learning_rate": 0.0022715574682005716,
      "gamma": 0.9752728764747017,
      "epsilon_start": 0.8981603312943289,
      "epsilon_min": 0.05130471816310583,
      "epsilon_decay": 0.9959903229671145,
      "batch_size": 32,
      "target_update_freq": 30,
      "memory_size": 2000,
      "dueling_network": true,
      "energy_satisfaction_weight": 1.523709226733198,
      "energy_cost_weight": 0.23688810701593258,
      "penalty_skipped_vehicle": 64.36605596518399,
      "reward_assigned_vehicle": 39.09679755740642
    },
    {
      "learning_rate": 0.0038243418201787697,
      "gamma": 0.9758071330722085,
      "epsilon_start": 0.8100445120652026,
      "epsilon_min": 0.03092144738753163,
      "epsilon_decay": 0.993984087094864,
      "batch_size": 64,
      "target_update_freq": 30,
      "memory_size": 2000,
      "dueling_network": true,
      "energy_satisfaction_weight": 1.4863824300735868,
      "energy_cost_weight": 0.36323147875814243,
      "penalty_skipped_vehicle": 31.61561840400196,
      "reward_assigned_vehicle": 36.09364187939853
    },
    {
      "learning_rate": 0.003110175723579391,
      "gamma": 0.9582346336096417,
      "epsilon_start": 0.8917243754970274,
      "epsilon_min": 0.07800365212958027,
      "epsilon_decay": 0.9960011457017355,
      "batch_size": 64,
      "target_update_freq": 10,
      "memory_size": 5000,
      "dueling_network": true,
      "energy_satisfaction_weight": 1.2741883883719072,
      "energy_cost_weight": 0.22021080691408984,
      "penalty_skipped_vehicle": 49.10710000068113,
      "reward_assigned_vehicle": 26.462860643751597
    }
  ],
  "iteration_history": [
    {
      "iteration": 1,
      "time": 213.29676008224487,
      "best_fitness": 347.62393823960554,
      "iteration_duration": 204.8322057723999,
      "diversity_score": 0.3141236106554667
    }
  ],
  "config": {
    "algorithm": {
      "population_size": 6,
      "ref_set_size": 4,
      "elite_count": 2,
      "diverse_count": 2,
      "max_iterations": 2,
      "max_time_hours": 0.5,
      "combination_probability": 0.8,
      "improvement_probability": 0.4,
      "min_improvement_threshold": 0.01,
      "patience_iterations": 5
    },
    "evaluation": {
      "fast": {
        "systems": [
          1
        ],
        "episodes": 5,
        "description": "Evaluaci\u00c3\u00b3n r\u00c3\u00a1pida para filtrado inicial"
      },
      "medium": {
        "systems": [
          1,
          2,
          3,
          4,
          5
        ],
        "episodes": 25,
        "description": "Evaluaci\u00c3\u00b3n intermedia para candidatos prometedores"
      },
      "full": {
        "systems": [
          1,
          2,
          3,
          4,
          5,
          6,
          7,
          8,
          9,
          10
        ],
        "episodes": 40,
        "description": "Evaluaci\u00c3\u00b3n completa para mejores candidatos"
      }
    },
    "output": {
      "save_frequency": 3,
      "checkpoint_dir": "./checkpoints/scatter_search",
      "generate_plots": true,
      "generate_excel": true,
      "create_deployment_package": true,
      "log_level": "INFO",
      "detailed_logging": true
    },
    "diversity": {
      "similarity_threshold_initial": 0.95,
      "similarity_threshold_final": 0.75,
      "adaptive_threshold": true,
      "similarity_metric": "cosine"
    },
    "quality": {
      "min_evaluations_per_config": 1,
      "fitness_aggregation": "mean",
      "filter_invalid_configs": true,
      "min_fitness_threshold": -4000.0
    },
    "resources": {
      "parallel_evaluation": false,
      "max_concurrent_jobs": 1,
      "max_memory_gb": 8.0,
      "cleanup_frequency": 5
    },
    "debug": {
      "verbose_output": true,
      "save_intermediate_results": true,
      "track_convergence": true,
      "test_mode": false,
      "quick_test": false
    }
  }
}