{
  "constructiva": {
    "longitud": 529,
    "muestra": [
      [
        38,
        42,
        0,
        0,
        7
      ],
      [
        38,
        43,
        0,
        2,
        7
      ],
      [
        38,
        45,
        0,
        2,
        7
      ],
      [
        21,
        20,
        4,
        5,
        7
      ],
      [
        21,
        25,
        4,
        5,
        7
      ]
    ]
  },
  "precio": {
    "longitud": 454,
    "muestra": [
      [
        15,
        20,
        5,
        4,
        7
      ],
      [
        15,
        26,
        3,
        1,
        7
      ],
      [
        15,
        22,
        4,
        4,
        7
      ],
      [
        15,
        21,
        5,
        5,
        7
      ],
      [
        15,
        14,
        8,
        8,
        7
      ]
    ]
  },
  "ventana": {
    "longitud": 1283,
    "muestra": [
      [
        22,
        26,
        0,
        0,
        7
      ],
      [
        22,
        27,
        0,
        0,
        7
      ],
      [
        22,
        29,
        0,
        0,
        7
      ],
      [
        14,
        15,
        0,
        0,
        7
      ],
      [
        14,
        13,
        0,
        0,
        7
      ]
    ]
  },
  "aleatoria": {
    "longitud": 580,
    "muestra": [
      [
        0,
        1,
        11,
        25,
        14.293762348490564
      ],
      [
        1,
        2,
        11,
        2,
        8.685463711156519
      ],
      [
        0,
        2,
        null,
        18,
        0
      ],
      [
        0,
        3,
        null,
        29,
        0
      ],
      [
        2,
        3,
        null,
        25,
        0
      ]
    ]
  }
}